clientid	advertiser
196	100bestbuy
478	1stchoice_AU
737	21Cineplex-ID
424	21diamonds
508	2901_ozmall_salon_JP
886	99Acres
1021	99bikes_AU
76	99labels
1837	ABC_Testing
961	Abdul_Lateef_Jameel_Arabic
960	Abdul_Lateef_Jameel_English
100	Ace2three
148	Ace2three_New
338	Adairs_AU
1818	Adidas-MY
1820	Adidas-PH
1817	Adidas-SG
1819	Adidas-TH
1072	adventuretours_AU
2116	AD_Cleartrip
2134	AD_Commonfloor_DSP
2128	AD_EuroSportArabic
2200	AD_Flipkart_IN
622	agito_pl
133	Agoda-Hotels
1336	AIGDirect-ID
831	Airarabia_India_Arabic
829	Airarabia_India_English
1872	AirArabia_Saudi
832	Airarabia_UAE_Arabic
830	Airarabia_UAE_English
354	AirAsiaGo
740	AirAsiaGo-CN
759	AirAsiaGo-HK
757	AirAsiaGo-ID
741	AirAsiaGo-MY
758	AirAsiaGo-VN
360	airasiago_htl
1247	AirAsia_AU
202	Airtel_Hellotunes
1873	Air_Arabia_Saudi_Arabic
2844	Alibaba
495	AllSchoolStuff
930	Alshop
1256	Amazon_India
662	AmericaCarRental
786	AmericanHolidays
141	Aoyou_Packages
462	apollocamperINT_AU
421	apollocamper_AU
780	ApolloMunichInsurance
1972	AppD_MarkaVIP_MEA
1973	AppD_MarkaVIP_MEA_Ar
1814	APTouring_AU
426	AR_hoteles
1025	AsiaTravel-Flight
1024	AsiaTravel-Hotel
1571	Askhanuman-TH
509	AU-Energy-Matters
183	AU-Hotelscombined
895	AU-Medibank
269	AU-MensShop
1330	AU-MensShop_Mobile
896	AU-Needitnow
283	AU-Saba
530	AU-Shopping-com
270	AU-Vistaprint
253	AU-Wego
1444	Aussiehomeware_AU
779	AU_AllianzInsurance
2735	AU_Amaysim
579	AU_AtlantisGold
1440	AU_AussieTravelOffers
1228	AU_BIGW
1291	AU_Billabong
719	AU_Bookworld
893	AU_Careerone
541	AU_CatchoftheDay
617	AU_CreditCardFinder
2304	AU_egentic_DSP
1292	AU_ElementBrand
1144	AU_FirstChoice
640	AU_Goodguys
1145	AU_Ikoala
618	AU_InsureNGo
554	AU_iSelect
1311	AU_JetStar
2347	AU_LivingSocial_Sep14
537	AU_LornaJane
1204	AU_LornaJane_Mobile
2264	AU_Mozo_Aug14
614	AU_OzLotteries
529	AU_SimplyEnergy
576	AU_Sportingbet
607	AU_TerryWhite
1252	AU_theiconic
1293	AU_TigerLilySwimWear
527	AU_TopBuy
528	AU_TravelBug
776	AU_VintageCellars
971	AU_Virgin_CarHire
1294	AU_VonZipper
2369	AU_Webjet-Hotels_MW
1092	AU_webjet_domflights_Mobile
1163	AU_Webjet_DomFlights_New
2372	AU_Webjet_Exclusive
1429	AU_Webjet_Flights_Home
1009	AU_Webjet_IntlFlights
1090	AU_Webjet_IntlFlights_Mobile
1161	AU_Webjet_IntlFlights_New
727	AU_Webjet_Packages
1008	AU_webjet_TTflights
1091	AU_webjet_TTflights_Mobile
1162	AU_webjet_TTflights_New
557	AU_Zuji_Flights
558	AU_Zuji_Hotels
1540	AXAHealth-ID
87	Babyoye
40	bagittoday_
110	bagittoday_new
126	Bagskart
742	basicslife
1210	Bebestar2-ID
1662	BeeCrazy-HK
501	Berlei_AU
778	Berniaga-ID
1101	Berrybenka-ID
79	Bestylish
329	Beyes-Japan
709	bg_esky_hotel
394	bharatmatrimony
644	Bhinneka-ID
1114	Bicyclesonline_AU
806	Bigbite
634	Bigrock
469	BigW_AU
352	Bikebros-Japan
1244	binglee_AU
2954	Blanja_ID
907	Blibli-ID
242	Bluestone
2967	Bodyshop_Feb2015
500	Bonds_AU
794	Boohoo
379	Booking-Greece
374	Booking-India
378	Booking-Indonesia
375	Booking-malaysia
377	Booking-Singapore
376	Booking-Thailand
35	Bookmyshow_
1282	Bookpanorama-ID
342	Bravofly-Germany
1911	Brazil_CPC_PubPriority
1929	Brazil_PubPriority
518	Breakfree_AU
1155	BR_Abril
854	BR_Adidas
2565	Br_Adidas_DSP
1877	BR_Adidas_partner
2055	BR_AguaBrastemp
1245	BR_AmericanAirlines
863	BR_Americanas
578	BR_AmericanasViagens
1258	BR_Anhanguera
820	BR_AnitaOnline
2206	Br_Axa_Mx
406	BR_Azul
471	BR_Baby
498	BR_BalaodaInformatica
2225	BR_Barcelo_MX
824	Br_BazarBem
1237	BR_Beauty_Box
475	Br_Bebestore
2027	Br_BelezaNaWeb
533	BR_Bestday_Flights
534	BR_Bestday_Hotels
1348	Br_BostonMedicalGroup
1102	BR_Brands_Club
1321	BR_Brastemp
1878	BR_Buemran_Jobs_MX
2120	BR_BuscaLibre_CL
2215	BR_CamisariaColombo
773	br_catho
1172	BR_centauro
1349	Br_Cipela
2145	BR_Citylar_RicEl
2556	BR_Clarovideo
1773	BR_Claro_MX
2360	Br_ClickBus
1572	BR_Clickchique
2542	BR_Clickchique_MW
2431	BR_CliqueFarma
1352	Br_ClubeDeRicardo
2243	BR_Colcci
581	BR_ComprarMMA
1322	Br_Consul
2413	BR_ContaAzul
2519	BR_Coppel_MX
695	br_cvchotels
432	BR_CVC_Flight
692	BR_CVC_Flights
858	BR_CVC_FPH
696	br_cvc_packages
453	Br_Dafiti
845	BR_Dafiti_AR
847	BR_Dafiti_CL
846	BR_Dafiti_CO
1284	Br_dafiti_mobile
848	BR_Dafiti_MX
1016	BR_Dafiti_Sports
2415	BR_DaModa
690	BR_Decolar
828	BR_Decolar_Hotels
2654	Br_Despegar_Ec
2711	BR_Despegar_Flights_PE
2655	Br_Despegar_Pe
387	BR_disantinni
2006	Br_Drogaria_Araujo
1350	Br_Ecolchao
649	br_edestinos
710	br_edestinos_hotel
1944	BR_Electrolux_BR
821	BR_Elens
555	BR_EletronicaSantana
2146	BR_Eletroshopping_RicEl
2475	BR_EmocionDeportiva
2310	Br_EnviaFlores
1897	Br_Eudora
1234	BR_Even
2385	BR_Famsa_MX
460	BR_fastshop
2421	BR_FellipeKrein
2924	BR_Fiestainn
2921	BR_Fiestamericana
2927	BR_FiestamericanaExplorean
2922	BR_Fiestamericanagrand
2928	BR_Fiestarewards
1103	BR_Fiveblu
429	BR_floresonline
2361	BR_Fnac
2420	BR_Forum
1434	BR_FotoRegistro
2156	Br_Fotter_Ar
2925	BR_Gammahoteles
1716	BR_Gaudena_MX
2362	BR_Girafa
1568	BR_Groupon
2000	Br_Groupon_New
2563	BR_GuicheVirtual
1195	BR_Hering
1206	Br_Hering_Dzarm
1205	BR_Hering_PUC
2822	BR_Honda_MW
427	BR_hoteis
724	BR_Hotels
726	BR_Hotels_us
1625	BR_HotelUrbano
2879	BR_HotelUrbanoPackages_UF
2812	BR_HotelUrbano_CarRental
1669	BR_HotelUrbano_Packages
2308	BR_ICarros
2836	BR_Imovelclass
2209	BR_Imovelweb
2499	BR_Ingresse
1466	BR_inmuebles24_MX
2208	BR_Inmuebles_MX
2147	BR_Insinuante_RicEl
1413	BR_Intel_game
1421	BR_Intel_game_colombia
474	BR_Kabum
1351	Br_Kangoolu
1171	BR_Kanui
1663	BR_ladyhairpro
2778	BR_LancaPerfume
1796	Br_LancedoRicardo
1270	BR_LatinSports_GruPolation
1271	BR_LatinSports_Sportpass
1272	BR_LatinSport_TFrun
1686	BR_leader
2137	Br_Lenovo
1732	Br_Lezalez
1926	Br_LinioFashion_Co
1932	Br_LinioFashion_Co_OldUsers
1927	Br_LinioFashion_Pe
1933	Br_LinioFashion_Pe_OldUsers
2806	BR_Linio_AR
2098	Br_Linio_CL
721	br_linio_co
1833	Br_Linio_Co_OldUser
720	br_linio_mx
1509	BR_Linio_MX_Email
1668	BR_Linio_MX_Email_NewUser
1832	Br_Linio_Mx_OldUser
2629	BR_Linio_PA
722	br_linio_pe
1714	BR_Linio_PE_Email
1834	Br_Linio_Pe_OldUser
723	br_linio_ve
2923	BR_Liveaqua
2224	BR_Liverpool_MX
1569	BR_Locaweb
2524	BR_LojasColombo
801	BR_lojaskd
2504	BR_Lopes
1646	Br_Lunender
1060	BR_Magitech
1363	BR_Malamix
765	br_marisa
2447	BR_Marti_MX
818	BR_Meumoveldemadeira
2962	BR_MorenaRosa
947	BR_MultiAR
531	BR_Mundi_Flights
532	BR_Mundi_Hotels
1132	BR_Natue
1329	Br_Natue_Equaliv
1327	Br_Natue_Sundown
1328	Br_Natue_Sunnutrition
717	BR_Netfarma
1150	BR_Netfarma_Axe
1152	BR_Netfarma_Closeup
1010	BR_Netfarma_Colgate
1131	BR_Netfarma_Dove
1988	BR_Netfarma_Equaliv
996	BR_Netfarma_Hypermarcas
2002	BR_Netfarma_Intea_Bzl
1012	BR_Netfarma_Linea
1053	BR_Netfarma_Medicamentos
2520	BR_Netfarma_Medley
1157	BR_Netfarma_Rexona
995	BR_Netfarma_SundownVitamins
1123	BR_Netfarma_Tepe
1149	BR_Netfarma_Tresemme
1383	BR_Netfarma_Unhaplus
1011	BR_Netfarma_Unilever
1151	BR_Netfarma_Vaseline
1197	BR_Netfarma_Vivo
1191	Br_netshoes_Mob
2103	Br_Netshoes_New
1910	BR_Netshoes_PartnerBrands
1909	BR_Netshoes_PartnerLojas
2414	BR_NewEra
2253	BR_Nike
2242	BR_Nissan
2216	BR_NSMX_TiendaAmerica
2258	BR_NSMX_TiendaChivas
2217	BR_NSMX_TiendaCruza
2260	BR_NSMX_TiendaNBA
2261	BR_NSMX_TiendaNFL
2259	BR_NSMX_TiendaPumas
2262	BR_NSMX_TiendaRayados
2226	Br_Olook
2364	BR_OLX
2926	BR_Onehotels
853	BR_Oppa
650	br_oqvestir
2877	BR_PagSeguro
1974	BR_PaquetaCalcados
398	BR_paquetaesportes
1841	BR_Petngo_MX
1601	BR_Petsy_MX
819	BR_Polario
502	BR_Polishop
2528	BR_Posthaus
2407	Br_Properati
2214	BR_Qualicorp
2532	BR_QuemDisse
2819	BR_Quinstreet
2617	Br_RayBan
1233	BR_Rentcars
1795	Br_RicardoEletro
1798	Br_RicardoEletroCursos
1799	Br_RicardoEletroOculosshop
1797	Br_RicardoEletroViagens
969	BR_Ricardoreletro
2287	BR_RiHappy
679	br_safarishop
1086	BR_Saraiva
1353	Br_SemParar
1243	Br_SempreStore
948	BR_SempToshiba
660	br_sepha
718	Br_sephora
1891	BR_Serasa
2313	BR_Serasa_LimpaNome
599	Br_Shoestock
2373	Br_Shop2gether
2908	BR_Shopeando_MX
1308	BR_Shopping_UOL
713	br_shoptime
2423	BR_Sommer
2476	BR_SportCity_MX
2230	BR_Stradivarius_MX
755	br_submarino
1262	BR_SubmarinoCard
577	BR_SubmarinoViagens
1015	BR_SubmarinoViagens_Hotels
2057	BR_SubmarinoViagens_Packages
2301	BR_TeleCine
2359	BR_Telecine_Users
1813	BR_Telmex_MX
1280	BR_Terra_CPM
2554	BR_TiendaTelmex
1574	BR_Tiguana
2280	Br_Traetelo_Cl
1170	BR_Tricae
2419	BR_Triton
2422	BR_TufiDuek
2733	BR_UniCesumar
1945	BR_uolhost_BR
2204	BR_UOL_Antivirus
1320	BR_uol_cursosonline
1319	BR_uol_empregocerto
2244	BR_Uselets
2223	BR_UVMMexico_MX
559	BR_ViajanetOfertas
1117	BR_Viajanet_AirlineDiscount
1174	Br_Vivacupom
1222	BR_Vivo
2763	BR_Vivo_Recarga
1366	BR_Vivo_Sony
1896	Br_Voeazul
641	br_voopter
833	BR_Voos_Flights
834	BR_Voos_Hotels
835	BR_Vuelos_Flights
836	BR_Vuelos_Hotels
787	BR_Walmart
1999	BR_Walmart_MX
1057	BR_Webfones
476	BR_YourIDStore
2186	Br_ZapIMovies
966	BR_Zoom
450	Budgetdirect_AU
158	buytheprice
1241	byojet_AU
288	CAMBIO-Japan
226	Caratlane
970	Caratlane_Solitaire
15	careerbuilder_
1229	carsGuide_AU
174	CBazaar
245	CBazaar-Aus
241	cbazaar-international
551	Cbazaar-NZ
244	CBazaar-UK
616	Cbazaar_International_SC
615	Cbazaar_SC
619	Cbazaar_UK_SC
1498	CellarMasters_AU
438	checkin_AU
1264	ChemistWarehouse_AU
877	Chevrolet_IN
434	CHILE_hoteles
92	ChinaTravelDepot_Flight
91	ChinaTravelDepot_Hotel
608	Choicehotels_AU
364	Cilory
2583	Cilory_Mobile
439	Citibank
306	Cleartrip-CrossSell-FlightstoH
155	Cleartrip-India-flight
156	Cleartrip-UAE-Flight
7	cleartrip_
413	Cleartrip_Flights_Bahrain
415	Cleartrip_Flights_Kuwait
409	Cleartrip_Flights_Oman
411	Cleartrip_Flights_Qatar
62	Cleartrip_hotel
414	Cleartrip_Hotels_Bahrain
1676	ClearTrip_Hotels_ClickToCall
417	Cleartrip_Hotels_Kuwait
410	Cleartrip_Hotels_Oman
412	Cleartrip_Hotels_Qatar
419	Cleartrip_Hotels_SaudiArabia
420	Cleartrip_Hotels_UAE
418	Cleartrip_SaudiArabia_Flights
731	Cleartrip_UAE_flights_Arabic
24	ClubMahindra_
150	CN-Agoda
2085	CN_111
1143	CN_17u_DomesticPackages
281	CN_17u_Hotels
963	CN_17u_Packages
282	CN_17u_scenic_tickets
305	CN_1hai
2684	CN_228
260	CN_360HQG
2068	CN_360Kad
975	CN_4inlook
734	CN_5173
1030	CN_51Hqt
2387	CN_51Yojo
240	CN_51youpin
921	CN_525j
959	CN_525j_GB
212	CN_591Wed
2701	CN_5i5j
1450	CN_70w
2657	CN_7Jia
1859	CN_86daigou
2004	CN_8Photo
1357	CN_9787
2201	CN_9FBank
1380	CN_Abbydress
544	CN_aHappyDeal
2092	CN_Alibaba
1535	CN_Amazon
2303	CN_Aoliday
988	CN_Aoyou_Packages
1958	CN_Artbay
515	CN_Banggo
1360	CN_Baobeigou
2192	CN_BeautyOptionsOnline
2561	CN_Beibei
2077	CN_Beile
952	CN_Bellemaison
1126	CN_Benlai
2535	CN_Bestcake
423	CN_Bookuu
798	CN_buy9000
1679	CN_Buyincoins
879	CN_Chinabuye
1084	CN_Chinaskin
1379	CN_Comebuy
304	CN_Coo8
665	CN_Coolicool
659	CN_Ctrip_English_Flights
455	CN_Ctrip_English_Hotels
663	CN_Ctrip_English_Packages
838	CN_Ctrip_Flights
365	CN_Ctrip_Hotels
1045	CN_Ctrip_Hotels_New
839	CN_Ctrip_Packages
1041	CN_Ctrip_Packages_New
1314	CN_Ctrip_Trains
664	CN_D1
1168	CN_Damai
1135	CN_Dangdang
1899	CN_Daoxila
1050	CN_Dapu
569	CN_dhc
912	CN_Dhgate_English
993	CN_Dianping
1305	CN_Dianping_Mobile
635	CN_DinoDirect
2248	CN_Diycardvd
504	CN_Doin
2386	CN_Dongpi
603	CN_Dressale
1055	CN_Dresses123
805	CN_Dx_Russia
1465	CN_Eachbuyer
1993	CN_Easeeyes
2891	CN_Eastsilver
2765	CN_Ebeecake
2149	CN_Ef
514	CN_Efox_Portugal
2729	CN_Elleshop
2559	CN_Elong_Domestic-Hotel
1296	CN_Elong_Hotel
967	CN_Etam
2622	CN_Etongdai
1194	CN_Etpass_Flights
1193	CN_Etpass_Hotel
2938	CN_eTradeSupply
333	CN_Everbuying
2776	CN_Evermarker
1491	CN_Extrabux
308	CN_Fashionls
2295	CN_Fclub
1731	CN_Feifei
2152	CN_Feildschina
1189	CN_Femmes-Vetments
1829	CN_FieldsChina
258	CN_Gap
2294	CN_Gddct
223	CN_GlamourSales
643	CN_GlobalMarket
493	CN_Goldsoon
1310	CN_Gome
2497	CN_Grainger
499	CN_Greenhotel-998
2289	CN_Hengyer
1659	CN_Hmeili
479	CN_Homeinns
337	CN_Hstyle
2780	CN_Hzins
276	CN_ihaveu
313	CN_Ineedwatches
222	CN_Inshion
2305	CN_iqianbang
2801	CN_Itouzi
195	CN_Ixge
1375	CN_J1
1048	CN_Jajn
2076	CN_Jianke
470	CN_Jinjianginss
2247	CN_Jinshangdai
227	CN_Jiuxian
1029	CN_Juneyaoair
1184	CN_Junph
232	CN_Justyle
1512	CN_Jxdyf
277	CN_Kadang
945	CN_Kaufhafen
206	CN_Keede
1232	CN_Keede_2
681	CN_Kela
2709	CN_Kinhom
516	CN_Korirl_Moonbasa
210	CN_Kuxun_Flights
207	CN_Kuxun_Hotel
208	CN_Kuxun_Packages
490	CN_Lafaso
917	CN_Laiyifen
2803	CN_Lamahui
610	CN_Lamiu
991	CN_Lancome
2721	CN_Lecake
1180	CN_Lefeng
2207	CN_Leibo
1169	CN_Lenovo
1737	CN_Letv
264	CN_Leyou
2681	CN_Licaifan
911	CN_Liebo
399	CN_LifeVC
1698	CN_Lighitnthebox_Poland
700	CN_Lightinthbox_France
666	CN_Lightinthebox
1701	CN_Lightinthebox_Czech
1692	CN_Lightinthebox_Denmark
1697	CN_Lightinthebox_Finland
702	CN_Lightinthebox_Germany
1703	CN_Lightinthebox_Herzegovina
1700	CN_Lightinthebox_Hungary
703	CN_Lightinthebox_Italy
1724	CN_Lightinthebox_Netherlands
1693	CN_Lightinthebox_Norway
704	CN_Lightinthebox_Portugal
1699	CN_Lightinthebox_Romania
1691	CN_Lightinthebox_Russia
701	CN_lightinthebox_Spain
1696	CN_Lightinthebox_Sweden
865	CN_Liketuan
868	CN_LikeTuan_New
913	CN_Lingerie_Moonbasa
321	CN_Lining
2716	CN_Linkdelight
2723	CN_Lizi
2290	CN_Lovely_Wholesale
2623	CN_lppz
217	CN_Luckcart
315	CN_Luxurydig
803	CN_Lvmama
193	CN_M18
383	CN_MadeInChina
307	CN_Mangocity_Packages
768	CN_Marksandspencer
1359	CN_Masamaso
1221	CN_Masamaso_Mobile
2191	CN_Maykool
192	CN_Mbaobao
2311	CN_Mcake
201	CN_Meici
2411	CN_Meici_New
1409	CN_Meilele
448	CN_Meituan
2502	CN_Meizu
632	CN_Metromall
624	CN_Milanoo_English
625	CN_Milanoo_France
627	CN_Milanoo_Germany
628	CN_Milanoo_Italy
629	CN_Milanoo_Japan
631	CN_Milanoo_Portugal
630	CN_Milanoo_Russia
626	CN_Milanoo_Spain
1309	CN_Miniinthebox
1712	CN_Miniinthebox_Czech
1705	CN_Miniinthebox_Denmark
1708	CN_Miniinthebox_Finland
953	CN_Miniinthebox_France
954	CN_Miniinthebox_Germany
1713	CN_Miniinthebox_Herzegovina
1711	CN_Miniinthebox_Hungary
1726	CN_Miniinthebox_Italy
1727	CN_Miniinthebox_Netherlands
1706	CN_Miniinthebox_Norway
1709	CN_Miniinthebox_Poland
955	CN_Miniinthebox_Portugal
1710	CN_Miniinthebox_Romania
1704	CN_Miniinthebox_Russia
1725	CN_Miniinthebox_Spain
1707	CN_Miniinthebox_Sweden
198	CN_Miqi
199	CN_Miqi_Groupbuy
185	CN_Misun
2436	CN_Mmall
194	CN_Mmoxe
1140	CN_Mobile1_Ecommerce
1141	CN_Mobile2_Hotel
1159	CN_Mobile_App1_Ecommerce
1160	CN_Mobile_App2_Ecommerce
1238	CN_Mobile_MMB
2546	CN_Mocake
1766	CN_Molbase
482	CN_Moonbasa
1312	CN_Moonbasa_App
1215	CN_Moonbasa_Mobile
1190	CN_Mujeres-Jersey
2724	CN_Muyingzhijia
492	CN_Mybabymall
510	CN_Myefox_France
511	CN_Myefox_Italy
513	CN_Myefox_Spain
205	CN_Nala
671	CN_Naruko
788	CN_Neimanmarcus
2379	CN_Niwodai
2802	CN_Nonobank
910	CN_Nuomi
1078	CN_Okbuy
1559	CN_Okhqb
243	CN_Okjee
2042	CN_Old_Navy
239	CN_Omei
1883	CN_Orbis
1957	CN_Ozealglasses
932	CN_Pabbos
810	CN_Paixie
572	CN_PandaHall
274	CN_Pandawill
1127	CN_Parkson
538	CN_Pb89
804	CN_Persun_France
2886	CN_Pinstore
984	CN_Podinns
367	CN_Priceangels
1408	CN_Quwan
1420	CN_Rong360
1358	CN_Rosewholesale
2705	CN_RRS
600	CN_Russia-dress
639	CN_Secoo
372	CN_Sephora
1326	CN_Sfbest
1956	CN_Shangpin
2706	CN_Shanshan360
2832	CN_SheInside
351	CN_Shishang71
362	CN_Shishanqiyi_New
871	CN_Shopin
2119	CN_Sign-In-China
642	CN_Songguo
310	CN_Soobest
1900	CN_Soufeel
1436	CN_Springtour
1672	CN_Staples
1187	CN_Sunnychina
944	CN_Tabouf
691	CN_Tao3c
459	CN_Taoxie
2793	CN_Tappal
957	CN_Tbdress
543	CN_Tianpin
1558	CN_Tiantian
330	CN_Tidebuy
989	CN_Tidebuy_New
2717	CN_Tinken
445	CN_Tmart
2500	CN_to2c
302	CN_Toeic
301	CN_Toeicadvantage
918	CN_TooToo
2162	CN_TP
1014	CN_Trioo
2574	CN_Trjcn
2678	CN_Tuanche
1076	CN_Tuanweihui
1666	CN_Tv365
1419	CN_TVC-Mall
915	CN_Uemall
221	CN_Uiyi
946	CN_Usashopcn
494	CN_Utcbag
1185	CN_Uya100
480	CN_Uzai
485	CN_Uzai_Package
936	CN_Uzise
1042	CN_Vancl
382	CN_Vancl_Intl
186	CN_Vipshop
633	CN_Vjia
1736	CN_Vmall
620	CN_Voguepromdresses
942	CN_Vsigo
870	CN_Wangfujing
941	CN_Wangjiu
2719	CN_Wanwan
1019	CN_Watchiv
314	CN_Watchjust
2198	CN_Wbiao
388	CN_Whatabeautifullife
1461	CN_Wholeport
540	CN_Wholesale-Dress
384	CN_Wine9
488	CN_Winekee
693	CN_Winenice
815	CN_Womai
1555	CN_Womai_Jiu
2562	CN_Wzdai
2256	CN_XHD
477	CN_Xiaomishu
2544	CN_Xiaoniu88
203	CN_Xijie
2424	CN_Xinxindai
1462	CN_XIPIN
2537	CN_Xiu
404	CN_XZhuang
228	CN_Yesmywine
224	CN_Yintai
350	CN_Yinzuo100
951	CN_Yksuit
256	CN_Yododo
447	CN_Yododo_Hotel-Ecomm_Tag
935	CN_Yoger
1013	CN_Yohobuy
2553	CN_Yooli
680	CN_Yougou
1313	CN_Yougou_App
1214	CN_Youzu
1020	CN_Yummy77
444	CN_Zbird
728	CN_Zhenpin
446	CN_Zhiwo
2754	CN_Zhiwo_New
2165	CommonFloor_WCDSP
685	CommunityMatrimony
296	Coneco-japan
522	Contiki-AU
507	Covermore-New
403	Covermore_AU
436	CO_hoteles
1023	Crackawines_AU
1331	Crackawines_AU_mobile
209	craftsvilla
456	Crazeal
178	Crazysales
688	Croma-Retail
77	Crucco
1266	Cruise1st_AU
19	Ctrip_
381	CVC-Brazil
39	Dahuozhan_
777	DailyObjects
328	DanMurphys
1156	DanMurphys_Mobile
1579	DavidJones_AU
1604	DealGuru-MY
1605	DealGuru-SG
334	Dealsdirect_AU
454	Dell_AU
2774	Demo_self_serve
697	Desado
884	Desado_ecommerce
1902	DirectRooms
2383	Directrooms-TH
1265	Dissh_AU
38	dnu_
173	dnu_ecommerce
172	dnu_new
284	Doclasse-Japan
1267	Domain_AU
472	DonebyNone
297	Dospara-japan
2246	DP_IN_Bakersdatabase
1390	Drummondgolf_AU
1047	Dubizzle_Arabic
1080	Dubizzle_English
1949	Dummy
68	dummy-deleted
1888	Dummy02
1852	dummyEcomm
1838	Dummy_camp
2038	Dummy_Creative_ecom
2040	Dummy_Creative_flights
2039	Dummy_Creative_hotel
56	dummy_hotel
1853	Dumy
317	Dymocks
160	ebay
1452	Ebay-AU
2894	Ebay-MY
2893	Ebay-PH
2895	Ebay-SG
1453	Ebay_AU
187	ebay_new
294	Ec-Current-japan
1857	Ecommerce_Dummy
2392	Ecomm_WC
353	eFox-shop
844	Elitify
82	Elong_DomesticFlights
80	Elong_DomesticHotel
83	Elong_IntlFlights
81	Elong_IntlHotel
280	EMPIK-poland
2804	Engage360_Demo
2813	Engage360_IN_RelianceCapital
2940	Engage360_JP_C1
2942	Engage360_JP_C2
2943	Engage360_JP_C3
458	engin_AU
1940	Ensogo-PH
1942	Ensogo-TH
986	er_pelikan
359	EsteeLauder_AU
1018	Etihad
1139	eu_botovo_cz
1138	eu_cipofalva_hu
1619	EU_ESET_GER_Jan2014
1417	eu_pelikan_cz
1812	eu_play_B2B
1137	eu_saxana_sk
1620	EU_SHARK_SK_Jan2014
1136	eu_topankovo_sk
1213	Expedia-Singapore
37	expedia_
250	Expedia_ecommerce
67	Expedia_FlDrop_Hotel
119	Ezeego1-Flights
117	Ezeego1-Package
771	Ezeego1_Pkg
237	FabFurnish
405	Fashionandyou
386	Fashionara
2741	Fashionara_Mobile
2306	FashionValet-MY
257	Fashos
142	Fclub
235	FernsandPetals
229	Fetise
69	Firstcry
190	FlightCentre-Flights
191	Flightcentre-Hotels
1851	Flights_Test
2394	Flight_WC
857	Flipkart
335	fly-pl-poland
331	Fnac-Spain
852	FoodPanda
2929	Foodpanda_HK
2935	Foodpanda_IN
2934	Foodpanda_PK
2932	Foodpanda_SG
2933	Foodpanda_TH
291	Francfranc-Japan
164	Freecultr
1446	Free_Choice_AU
397	FR_KAYAK-flight
348	Fuerte-hoteles-spain
764	FundsIndia
32	FurnitureVillage_
144	FutureBazaar
26	Futurebazaar_
885	Garuda-ID
213	Garuda-Indonesia
1201	Geckos_AU
189	GetPrice
521	GlueStore-AU
796	gncindia
661	GoAgoda
876	Goair
898	Goibibo-Hotels
859	goibibo_buses
72	goibibo_flight
497	goibibo_holidays
496	goibibo_hotels
658	gomaji
933	Gonla-ID
162	Goodlife
598	Goodlife_CPM
1113	Gotoddler_AU
1059	GraysOnline_AU
1153	GraysOnline_AU_Mobile
2073	Groupbuyer_HK
2591	Groupon-AU
2593	Groupon-HK
812	Groupon-ID
1182	Groupon-ID-Mobile
2592	Groupon-MY
811	Groupon-TW
45	gtuan_
339	Halens-Poland
998	Hampersonly_AU
1288	HarveyNorman_AU
147	HDFC-Ergo
225	HDFCLife
29	HDFC_
5	healthcaremagic_
112	Healthkart
2307	Hermo-MY
925	Hilton
762	HK-Expedia
74	HolidayIQ-Domestic
75	HolidayIQ-Int
594	Homes-kodate
66	Homeshop18
218	Homeshop18_new
234	Hoopos
265	Hoopos_PAT
449	hooroo_AU
89	Hotel-Travel
433	hoteles_Chile
753	Hotels-AU
751	Hotels-CN
750	Hotels-HK
749	Hotels-IN
754	Hotels-NZ
698	Hotels-SG
752	Hotels-TW
159	Hotelscombined
2393	Hotels_Demo
1038	Hotels_Israel
1036	Hotels_MENA
1043	Hotels_MENA_English
1039	Hotels_SA
1037	Hotels_Turkey
601	Hoteltravel
1031	HotelTravel-CN
1033	HotelTravel-EN
1034	HotelTravel-EU
1032	HotelTravel-JP
22	HungryBlr_
373	Hushbabies
88	i2ya_
2963	ICICIPrulife
153	ID-Agoda
463	ID-Santika
246	ID-Wego
2771	ID_Bukalapak
1269	ID_Tokobagus
59	Ifruit
909	Ifruit_new
151	IN-Agoda
249	IN-Wego
574	Indiangiftsportal
134	Indiaplaza
25	indiaplaza_
677	IndiaProperty
431	Indiatimes_Nokia
428	Indiatimes_Shopping
1928	India_PubPriority
694	Indigo
732	Indigo_Holidays
122	Indonesia-Expedia
1835	IND_AxisBankMobileApp_Mar2014
1678	IND_Koovs_Jan2014
2	inkfruit_
1200	IntrepidTravel_AU
2816	IN_ACK_Dec14
1531	IN_AirtelMoney_Jan2014
1549	IN_Airtel_3G_Jan2014
2255	IN_Airtel_August14
1422	IN_Amazon_ViewThruConversions
2974	IN_Americanswan_Jan2015
1898	IN_AngelBroking
2795	IN_AskMeBazaar_Dec14
2875	IN_AskMeBazaar_Dec14_Mobile
2966	IN_Autoportal_Feb15
1842	IN_AxisBankFlashSale_Mar2014
1906	IN_BankBazaar_Apr14
2088	IN_BankBazaar_Jun14
2815	IN_Bewakoof_Dec14
1129	IN_BharatiAXA_Aug13
1948	IN_Bigbasket
2775	IN_BLab
1435	IN_BMS_Nov2013
2759	IN_Candere_Dec2014
2184	IN_Cardekho
2245	IN_Cardekho_NEW_CAR
1645	IN_CareerPlus_Feb2014
1951	IN_Cartrade
2715	IN_Carwale_Mobile
2704	IN_Carwale_NewCars
2743	IN_Carwale_NewCars_Mobile
2511	IN_Carwale_Oct2014
978	IN_CleartripFlt_m_May13
1315	IN_Cleartrip_India_Flights_mAp
1154	IN_Cleartrip_mApp_Aug13
1085	IN_Commonfloor_July13
1530	IN_Commonfloor_Static_Dec13
2164	IN_CommonFloor_WCDSP
2319	IN_DC_27Aug2014
1226	IN_Designdeal_Sept13
2899	IN_Dogspot_Jan15
1513	IN_Dominos_Jan2014
2736	IN_Dummy_Vizury
1521	IN_EaseMyTripFlights_Dec13
1522	IN_EaseMyTripHotels_Dec13
1523	IN_EaseMyTripPackage
1306	IN_Ebay_Oct_2013
2513	IN_ebay_upfunnel_Oct2014
1606	IN_Eureka_Forbes_Jan2014
1083	IN_Expedia_July13
1027	IN_Fabfurnish_June13
1242	IN_Fabfurnish_M_Sep13
1257	IN_Fabfurnish_tablet
1858	IN_Fashos_mar14
2021	IN_Findmystay
2283	IN_Firstcry_DSP
1070	IN_Firstcry_M_July13
2203	IN_Flipkart_CrossSell_Airtel
1317	IN_Flipkart_mAp
1175	IN_Flipkart_M_Aug13
926	IN_Freecultr_Home
965	IN_GaadiNew_May13
956	IN_Gaadi_May13
1962	IN_giftease
1208	IN_GoibiboFlightINTL_Sep13
1318	IN_Goibibo_Flights_mAp
1104	IN_Goibibo_Flights_M_July13
2185	IN_healthgenie
2202	IN_Healthizen
2911	IN_Hopscotch_Jan15
1052	IN_Hopscotch_July2013
678	in_hotels
1483	IN_Housing_Dec13
1894	IN_Housing_Rent_Apr14
2374	IN_Hungama
2153	IN_Hyatt_Jul14
1094	IN_IGP_Australia_July13
1069	IN_IGP_July13
1093	IN_IGP_USA_July13
2277	IN_Indiamart
1599	IN_IndianRoots_Jan_2014
1836	IN_Infibeam_Mar_2014
1227	IN_Ixigo_TripPlanner_Sept13
1146	IN_Jabong_AdProspect
1147	IN_Jabong_Adprospect_Yahoo
1316	IN_Jabong_mAp
1930	IN_Jabong_M_DSP
977	IN_Jabong_M_May13
1128	IN_Jabong_Tab_Aug13
908	IN_Jetairways
987	In_Jetairways_intl
2797	IN_Junglee_DSP
1589	IN_Junglee_Jan2014
2677	IN_Junglee_Jan2014_Mobile
1054	IN_Junglee_July_2013
2720	IN_Kalkifashion_Nov14
2740	IN_Kayak_MMT_Nov14
2434	IN_Lenskart_Mobile
1188	IN_Lodha_Aug13
916	IN_Magicbricks_Luxury
1028	IN_Magicbricks_NewProp_June13
2432	IN_makemytrip_fph
2761	IN_Makemytrip_UAE
1073	IN_Meritnation_July13
2727	IN_MMT_Hotels_Mobile
2550	IN_MMT_Hotels_Oct2014
1216	IN_Monster_Recruiter
1987	IN_Musafir_May14
1677	IN_Myntra_MW_old
1007	IN_Myntra_M_Jun13
1934	IN_Myuniverse
1514	IN_M_Dominos_Jan2013
1594	IN_M_Fabfurnish_Jan
1870	IN_NaukriGulf_Mar14
1863	IN_Naukri_Mar_2014
2435	IN_Nissan_motors_sept2014
1985	IN_Nykaa_MAY14
1495	IN_OberoiHotels_Dec2013
1478	IN_OLX_Dec13
1481	IN_OMD_Nissan_Dec13
2818	IN_Payback_Dec14
2624	IN_Paytm_Nov14
2904	IN_PayU_Jan15
1343	IN_PokaBunga_Oct13
2352	IN_PolicyBazaar_Sept2014
1573	IN_Policy_Bazaar_Jan2014
2781	IN_Quickr_Dec14
2903	IN_Quickr_Dec14_Mobile
2972	IN_Quikr-Electronics_Feb15
2973	IN_Quikr-Home_Feb15
1176	IN_Quikr_Aug13
1879	IN_Realtycompass_Apr14
979	IN_Redbus_M_May13
1289	IN_Rediff_Oct_2013
990	IN_Savaari_LocalTaxi_Jun13
1511	IN_Shaadi_Dec13
1846	IN_Shiksha_Mar2013
1847	IN_Shiksha_Mar2014
1946	IN_Shiksha_Reg_Apr2014
931	IN_Shine_May13
1423	IN_ShoppersStop
1622	IN_Spicejet_Jan2014
1192	IN_StarCJ_Aug13
1603	IN_StatueofUnity_Jan2014
2944	IN_Stayzilla_Jan15
1458	IN_TajRummy_Dec13
2874	IN_Tally_Jan15
2687	IN_Tastykhana_Mobile
2688	IN_Tastykhana_Nov2014
1065	IN_TataIndica_July13
1026	IN_TataIndigo_June13
1040	IN_TataIndigo_lead_June13
1460	IN_TataMotors_Dec2013
1278	IN_Tatamotors_Offers
1124	IN_TataNano_July13
1418	IN_TataVista
2064	IN_Taxiforsure
1936	IN_Thinkdigit_Apr_14
1017	IN_TimesJobs_June13
1448	IN_Titan_Nov2013
2597	IN_Tolexo
1087	IN_Trendin_July13
2734	IN_Trendin_Mobile
2446	IN_UFexp_ebay
927	IN_urbanladder_May13
2589	IN_Utsav_Nov2014
1285	IN_Vdopia
2182	IN_vizury_test
968	IN_YatraHS18CrossSell_May13
937	IN_Yebhi_May13
2549	IN_Yepme_World_Oct2014
2380	IN_ZoomCar
396	IT_KAYAK-flight
53	Ixigo_flight
54	Ixigo_hotel
163	Jabong
2512	Jabong_DSPCampaign
1239	Jabong_NewUser
1240	Jabong_OldUser
116	Japan-Expedia
1412	JBHiFi_AU
782	jeevansathi
118	Jetabroad
113	Jetairways
31	jetair_
273	Jetkonnect
197	Jewelskart
380	JIBA-Netherland
27	JochenSchweizer_
149	JP-Agoda
813	JP_10keiya
2220	JP_3ple
2221	JP_3ple_Mobile
958	JP_7netShopping
2166	JP_a-cashing
2167	JP_a-cashing_Mobile
1061	JP_ABC-mart
1831	JP_ABC-Mart_Mobile
2808	JP_Able_CA
2757	JP_Aidem
2758	JP_Aidem_Mobile
2880	JP_Aiful_Breakfield
2881	JP_Aiful_Mobile_Breakfield
2325	JP_Ailand
2326	JP_Ailand_Mobile
2059	JP_Akasugu
2060	JP_Akasugu_Mobile
760	JP_AmazonJavari
1099	JP_AmazonJavari_Mobile
2882	JP_Amen
2883	JP_Amen_Mobile
2577	JP_ANAteleport_MA
2459	JP_AOKI
2460	JP_AOKI_Mobile
2841	JP_ArubaitoEx_Mobile_Septeni
2840	JP_ArubaitoEX_Septeni
2909	JP_Athuman_DG
2910	JP_Athuman_Mobile_DG
655	JP_auBrandGarden
2946	JP_Baitoru
2948	JP_Baitoru_Mobile
473	JP_Belluna
1616	JP_belluna_gourmet
1617	JP_belluna_gourmet_MW
505	JP_Belluna_interior
1474	JP_Belluna_interior_MW
1473	JP_Belluna_MW
506	JP_Belluna_ryuryu
1475	JP_Belluna_ryuryu_MW
1075	JP_benesse
1456	JP_benesse_MW
1223	JP_benesse_women
2331	JP_Bijin
2332	JP_Bijin_Mobile
2936	JP_Bizreach_Direct
2937	JP_Bizreach_Mobile_Direct
1125	JP_Brandeli
2070	JP_breakfield
2071	JP_Breakfield_Moibile
402	JP_Cambio-w
2970	JP_Carco_FS
2275	JP_Cashing-Trends
2276	JP_Cashing-Trends_Mobile
2745	JP_CCJ_Mobile_TC
2744	JP_CCJ_TC
1089	JP_Cecile
2955	JP_Chapup
369	JP_CHINTAI
2788	JP_ChintaiEX_Mobile_Septeni
2787	JP_ChintaiEX_Septeni
2807	Jp_ChintaiNet_CA
370	JP_Chintai_door
2516	JP_ci-labo
2518	JP_ci-labo_Mobile
716	JP_Classico
1199	JP_cosme-de-net
874	JP_CosmeKitchen
2531	JP_CouponLand_Mobile
2012	JP_Crosscollection
2013	JP_Crosscollection_Mobile
1274	JP_Demaekan
1454	JP_DENA_mobile
2312	JP_Dena_Mobile_DSP
1994	JP_DeNA_Online_AT
2024	JP_Dena_Online_Mobile_AT
1566	JP_DeNA_Online_Supermarket
1567	JP_DeNA_Online_Supermarket_Mob
1887	JP_DeNA_Online_Supermarket_Mob
1969	JP_DeNA_Online_Supermarket_MW_
1886	JP_DeNA_Online_Supermarket_Old
1970	JP_DeNA_Online_Suprmkt_Mob_Old
2689	Jp_Dentsu_GinzaCalla_Mobile
2405	JP_Dentsu_Gulliver
2454	JP_Dentsu_Riceforce
2490	JP_Dentsu_Riceforce_NonLocal
943	JP_DHC
1457	JP_DHC_MW
2391	JP_Direct_Rakuten_Onet
1231	JP_Doclasse
596	JP_Doclasse-Ladies
542	JP_Doclasse-Men
1235	JP_Doclasse_Fitfit
1236	JP_Doclasse_Men
1761	JP_Docomo_Shopping_Mobile_New
1760	JP_Docomo_Shopping_Mobile_Old
1759	JP_Docomo_Shopping_New
1758	JP_Docomo_Shopping_old
1864	JP_Docomo_Shopping_SC_Mobile_N
1865	JP_Docomo_Shopping_SC_Mobile_O
1866	JP_Docomo_Shopping_SC_New
1924	JP_Docomo_Shopping_TY_Mob_New
1925	JP_Docomo_Shopping_TY_Mob_Old
1923	JP_Docomo_Shopping_TY_New
1058	JP_DODA
2115	JP_DODA_Mobile
1643	JP_Dospara_Mobile
395	JP_ec-current
2211	JP_ecareer
2212	JP_ecareer_mobile
2905	JP_ecasio_Breakfield
2906	JP_ecasio_mobile_Breakfield
1056	JP_Edion
2168	JP_Elleshop
2199	JP_Elleshop_Mobile
706	JP_etour
2950	JP_Euglena_Farm_FS
1979	JP_Eyecity
1980	JP_Eyecity_Mobile
714	JP_Fairwaygolfusa
800	JP_Fallineyez
682	JP_Fashionwalker
2545	JP_Fashionwalker_MW
1536	JP_Fifth
1671	JP_Fifth_mobile
1459	JP_Fragshop
1609	JP_Fragshop_MW
2492	JP_Franchaise_net
2017	JP_FromA
2018	JP_FromA_Mobile
1499	JP_Galoo
1500	JP_Galoo_Mobile
1307	JP_GDO
1885	JP_GMO_Makeshop
2043	JP_GMO_Makeshop_Mobile
1217	JP_gochikuru
1921	JP_goodstay
2843	JP_Goodstay_Mobile
573	JP_Groupon
2136	JP_GU
2691	JP_Gunze_Mobile_TC
2690	Jp_GUNZE_TC
2474	JP_GU_Mobile
1259	JP_hankyu_Domestic
1386	JP_Hankyu_DomesticTours
2227	JP_Hankyu_DomesticTours_Mobile
1260	JP_hankyu_International
1385	JP_Hankyu_InternationalTour
2228	JP_Hankyu_Intrntnltours_Mobile
1524	JP_Hatalike
1763	JP_Hatalike_Mobile
2848	JP_HealingBeautyShop_DG
2849	JP_HealingBeautyShop_Mobile_DG
906	JP_HibiyaKadan
1365	JP_Homeshouse_Mobile
1405	JP_HomesKodate_Mobile
1406	JP_HomesMansion_Mobile
443	JP_HOMES_apartment
1186	JP_Homes_Care
2249	JP_Homes_care_Mobile
441	JP_homes_circulation
442	JP_HOMES_house
1224	JP_homes_iezukuri
1225	JP_homes_iezukurinet
654	JP_HotelJP
2342	JP_HotPepper
1600	JP_HotPepperBeauty
2541	JP_HotPepperBeautyEsthe_Mobile
2540	JP_HotPepperBeauty_Esthe
2232	JP_HotPepperBeauty_Mobile
1861	JP_HotPepperBeauty_SC
2343	JP_HotPepper_Gourmet_Mobile
2336	JP_ie-erabi
1580	JP_Itokin
2876	JP_Itokin_Mobile
972	JP_I_BeautyStore
1997	JP_Jalan_Golf
1998	JP_Jalan_Golf_Mobile
1561	JP_Jalan_New
1563	JP_Jalan_New_Mobile
2356	JP_Jalan_New_Search
1562	JP_Jalan_Old
1791	JP_Jalan_Old_2-3Days
1794	JP_Jalan_Old_31AboveDays
1792	JP_Jalan_Old_4-7Days
1793	JP_Jalan_Old_8-30Days
1564	JP_Jalan_Old_mobile
1805	JP_Jalan_Old_mobile_2-3Days
1808	JP_Jalan_Old_mobile_31AboveDay
1806	JP_Jalan_Old_mobile_4-7Days
1807	JP_Jalan_Old_mobile_8-30Days
2222	JP_Jalan_Old_Search
1767	JP_Jobsense
1935	JP_JP21
1989	JP_JP21_AT
1938	JP_JP21_Mobile
2020	JP_JP21_Mobile_AT
1088	JP_JTB
1096	JP_JTB_Hotel
729	JP_Jwell
667	JP_Kagukuro
2831	JP_KangokyujinEx_MW_Septeni
2830	JP_KangokyujinEx_Sepetini
2898	JP_KNT_DomesticHotel
2901	JP_KNT_DomesticTour
2900	JP_KNT_InternationalTour
2108	JP_Kobelettuce
2179	JP_Kobelettuce_Mobile
2139	JP_Kokokarada
2141	JP_Kokokarada_Moile
1276	JP_Kokuken_Travel_Mobile
974	JP_Koreanna
2558	JP_koubou_Mobile_TC
2557	JP_koubou_TC
799	JP_Lacoste
2271	JP_Lacoste_Mobile
2566	JP_Lake
2567	JP_Lake_mobile
1757	JP_LandsEnd
1908	JP_LandsEnd_Mobile
2887	JP_Lasana_CA
2889	JP_Lasana_Mobile_CA
875	JP_LASO
1963	JP_lionsmansion
1964	JP_lionsmansion_Mobile
1728	JP_LiveMax
2329	JP_LiveNext
2330	JP_LiveNext_Mobile
733	JP_Loccitane
1875	JP_Lohaco
1876	JP_Lohaco_Mobile
883	JP_LoppiSKP
422	JP_LUSC
1248	JP_magaseek
2231	JP_magaseek_Mobile
1249	JP_magaseek_outlet
437	JP_Matsukiyo
669	JP_MenzStyle
2907	JP_Menzstyle_Mobile
465	JP_mixi
1830	JP_Mixi_Mobile
1046	JP_Mizunoshop
1515	JP_Mizunoshop_MW
766	JP_MonotaRO
1472	JP_MonotaRO_MW
1765	JP_MonotaRO_MW_Old
1570	JP_MonotaRO_Old
784	JP_MouseComputer
2135	JP_MouseComputer_Mobile
2789	JP_Muse
2790	JP_Muse_Mobile
2976	JP_MW_Rady_DSP
1002	JP_Mynavi
2284	JP_Mynaviwedding
2285	JP_Mynaviwedding_Mobile
2529	JP_Mynavi_Baito
2530	JP_Mynavi_Baito_Mobile
1003	JP_MyNavi_Chintai
2035	JP_MyNavi_Chintai_Mobile
1889	JP_Mynavi_Job
1890	JP_Mynavi_Job_Mobile
2732	JP_Mynavi_Job_Mobile_DSP
2672	JP_Mynavi_Nurse
2673	JP_Mynavi_Nurse_Mobile
2669	JP_Mynavi_Pharmacist
2671	JP_Mynavi_Pharmacist_Mobile
770	JP_NaturalPlants
2952	JP_NaturalPlants_Breakfield
2953	JP_NaturalPlant_MW_Breakfield
2125	JP_NetoffBuy
2126	JP_NetoffBuy_Mobile
2123	JP_NetoffSell
2124	JP_NetoffSell_Mobile
595	JP_Nissen
2884	JP_Nissenfoods_Breakfield
2885	JP_Nissenfoods_MW_Breakfield
2086	JP_Noloan
2087	JP_Noloan_Mobile
1207	JP_nomcom_apartment
1537	JP_Nowistyle
1641	JP_Nowistyle_MW
983	JP_NurseBank
2547	JP_OnamaeCom
1130	JP_Openhouse
1196	JP_Otto
1148	JP_PGM
2495	JP_Phocase
2496	JP_Phocase_Mobile
1983	JP_Ponpare
1984	JP_Ponpare_Mobile
2081	JP_Ponpare_SC
2083	JP_Ponpare_SC_Mobile
2082	JP_Ponpare_TY
2084	JP_Ponpare_TY_Mobile
1250	JP_PSFA
1892	JP_Rady
1893	JP_Rady_Mobile
2978	JP_Rady_Mobile_DSP
2722	JP_Ragtag
483	JP_Rakuten
2376	JP_RakutenBeauty
2377	JP_RakutenBeauty_Mobile
2838	JP_RakutenCard_CA
2839	JP_RakutenCard_Mobile_CA
992	JP_RakutenGolf
2590	JP_RakutenLife_Septeni
891	JP_RakutenSalon
2596	JP_Rakuten_Global_Direct
1000	JP_Rakuten_Golf
745	JP_RecruitDoctor
746	JP_RecruitNurse
769	JP_Rejob
2897	JP_Rejob_Mobile
2968	JP_Rentapapy_NA
2969	JP_Rentapapy_NA_Mobile
2656	JP_RentaPapy_NonCV_Mobile
2570	JP_RentaPapy_Taiwan
2572	JP_Rentapapy_Taiwan_Mobile
2022	JP_Renta_papy
2023	JP_Renta_Papy_Mobile
1364	JP_RentHomes_Mobile
2798	JP_RentHomes_Mobile_DSP
1275	JP_Rent_Homes_Mobile
2842	JP_REVE21_Septeni
919	JP_RightOn
2229	JP_RightOn_Mobile
2449	JP_Rikunabi_Haken
2452	JP_Rikunabi_Haken_Mobile
2450	JP_Rikunabi_Haken_MW
699	JP_RunwayChannel
1261	JP_RunwayChannel_Mobile
2707	JP_R_Agent
2708	JP_R_Agent_Mobile
2160	JP_Salus
2161	JP_Salus_Mobile
1526	JP_sheltter
1553	JP_sheltter_MW
808	JP_Shingakunet
1279	JP_Shiseido
2792	JP_Shiseido_Mobile
2250	JP_Shiseido_Old
2113	JP_Skyscanner
2268	JP_Skyscanner_ecom
2114	JP_Skyscanner_Mobile
2786	JP_Smocca_Mobile_Septeni
2785	JP_Smocca_Septeni
2458	JP_Sonystore
1167	JP_StImage
817	JP_StyleBlock
683	JP_stylecruise
940	JP_StyleStore
552	JP_Stylife
2824	JP_sukkiri-life_CA
2825	JP_sukkiri-life_mobile_CA
744	JP_SumaityKodate
743	JP_SumaityRent
2026	JP_SUMMO
976	JP_Suntory
2890	JP_Suntory_CA
2699	JP_Suumo_Chintai
2700	JP_Suumo_Chintai_Mobile
2395	JP_Suumo_Kodate
2442	JP_Suumo_kodate_Kansai
2444	JP_Suumo_Kodate_Kansai_MW
2396	JP_Suumo_Kodate_Mobile
2443	JP_Suumo_Kodate_Tokai
2445	JP_Suumo_Kodate_Tokai_MW
2586	JP_Suumo_Mansion_Chiba_MW
2588	JP_Suumo_mansion_Hyogo_MW
2584	JP_Suumo_Mansion_Kanagawa_MW
2075	JP_Suumo_Mansion_Kansai
2381	JP_Suumo_Mansion_Kansai_MW
2382	JP_Suumo_Mansion_Kanto_MW
2587	JP_Suumo_Mansion_Osaka_MW
2585	JP_Suumo_Mansion_saitama_MW
962	JP_TagKnight
2783	JP_Tanomana_DG
2784	JP_Tanomana_Mobile_DG
1774	JP_TBS
730	JP_Test
2618	JP_TicketCamp
2621	JP_TicketCamp_Mobile
686	JP_TicTAC
1981	JP_Titivate
1982	JP_Titivate_Mobile
2049	JP_TNG
2292	JP_TNG_Mobile
2345	JP_Townwork
2346	JP_Townwork_Mobile
2845	JP_Townwork_Old
2847	JP_Townwork_Old_Mobile
2163	JP_TP
2062	JP_Travail
2063	JP_Travail_Mobile
461	JP_TravelJP
653	JP_TravelJP_DomTour
656	JP_TravelJP_DomTours
816	JP_TravelJP_International
652	JP_TravelJP_InternationalTour
657	JP_TravelJP_InternationalTours
1277	JP_TravelJP_Mobile
2333	JP_Tringle
2334	JP_Tringle_mobile
756	JP_Tsutaya
468	JP_UcanShop
1764	JP_UCAN_Mobile
2047	JP_Uchiiwai
2048	JP_Uchiiwai_Mobile
973	JP_UsagiOnline
2956	JP_Venusbed_FS
711	JP_Waja
950	JP_WeddingPark
1517	JP_WeddingPark_MW
1467	JP_WEGO
1717	JP_WEGO_Mobile
994	JP_WonderNet
2370	JP_Yahoo_Mansion
2371	JP_Yahoo_Mansion_Mobile
1484	JP_Yahoo_Realestate
2485	JP_Yahoo_Sakidori
2486	JP_Yahoo_Sakidori_Mobile
2912	JP_Yukoyuko
2916	JP_Yukoyuko_Mobile
2448	JP_Zexy
2453	JP_Zexy_Mobile
2451	JP_Zexy_MW
705	JP_Zutto
8	JS_
999	Jumia
1022	Jumia_Arabic
2674	Jumia_Arabic_Mobile
2560	Jumia_MW
143	Justeat_new
356	Juvalia
320	Kathmandu_AU
1290	Kathmandu_mobile_AU
346	Kayak-Spain
99	Kingfisher
289	Kokuken-japan
290	Kokuken-Travel-Japan
63	Koovs
96	Koovs-GroupBuying
95	Koovs-Products
826	koovs_new
28	Kotak_
2575	KR_2001outlet
2594	KR_Aboki
2121	KR_Abokie
2270	KR_AIA
1801	KR_Akmall
2050	KR_Annanblue
2065	KR_Bakingmall
2034	KR_Boen
2751	KR_Boomstyle
2131	KR_caffeether
2682	KR_ChunhoFood
2501	KR_cjmall
2052	KR_Codishe
2032	KR_dasolfishing
2821	KR_Dawonmall
2398	KR_Dint
2399	KR_Dintstyle
2067	KR_Ecohome
2764	KR_Evendoz
1950	KR_Expedia
2066	KR_Gagamall
2051	KR_Gayamy
2478	KR_Gmarket_Global
2187	KR_Greenfish
2213	KR_Gsshop
2425	KR_Halfclub
2079	KR_Himart
2193	KR_Hmall
2169	KR_Hnsmall
2718	KR_Hnsmall_TV
2389	KR_Hotelnjoy
2390	KR_Hotelpass
2404	KR_Hotelpass_Hotels
2155	KR_Inkmam
2188	KR_Interpark_Book
2130	KR_Jasamo
2106	KR_Jdsoo
2328	KR_Kantukan
2327	KR_Kclub
2505	KR_LIG
2796	KR_Mdoc
2033	KR_Megaoffice
2964	KR_Merongshop
2820	KR_Moonbang9
2129	KR_Nadri4u
1848	KR_Naeil_Tour
1880	KR_Naeil_Tour_Flights
2132	KR_Nbmart
2837	KR_Nike
2755	KR_Pagoda21
2659	KR_Pancoat
2514	KR_Pinpop
1802	KR_Player
2011	KR_Reebok
2095	KR_Roompacker
2463	KR_Shinsegaemall
2189	KR_Shoejoo
2692	KR_Skt
2749	KR_Stylenanda
2157	KR_Suella
2595	KR_Sujung2
2210	KR_Sultang
2133	KR_TGRN
2728	KR_Webtour_Flights_Int
2712	KR_Wizwid
2658	KR_Ztreet
457	Kyazoonga
157	Lane-Crawford
211	LaneCrawford-CN
673	Lazada-ID
672	Lazada-MY
675	Lazada-PH
981	Lazada-PH-New
2078	Lazada-SG
674	Lazada-TH
980	Lazada-TH-New
676	Lazada-VN
311	Lazada_my
21	Lenovo_
481	Lenovo_AU
332	Lens-Apple-Japan
124	Lenskart
33	Letsbuy_
94	letsbuy_new
842	limeroad
736	LionAir-ID
2254	Liontravel-Packages
1246	Liteneasy_AU
238	LivingSocial
1939	LivingSocial-ID
1937	LivingSocial-MY
1095	Logitech_AU
145	Lovo
140	Luolai
154	LVHezi
2019	MAD_Commonfloor
1991	MAD_Daum_KR
2896	MAD_Gsshop_KR
1905	MAD_Jabong_IN
2097	MAD_Jabong_IN_DSP
2902	MAD_Limeroad_IN
1680	MAD_PropTiger_IN
1860	MAD_Souq_MEA
400	Magicbricks
1592	Makemytirp_Int
36	Makemytrip_
366	Makemytrip_Bus
2800	Makemytrip_DSP
1762	Makemytrip_Flights_Hotels
520	Makemytrip_FPH
519	Makemytrip_Holidays
171	Makemytrip_Hotels
268	Makemytrip_Hotels_Crosssell_Bu
267	Makemytrip_Hotels_Crosssell_Ra
200	Makemytrip_Hotel_Crossell
167	Makemytrip_new
115	Malaysia-Expedia
127	Mangocity_DomFlights
128	Mangocity_DomHotels
393	Mantra_AU
129	Marry10
130	Masamaso
611	MaxBupa
2094	MA_111_CN
2072	MA_99Acres_IN
1657	MA_AmazonJavari_JP
2293	MA_BabyTree_CN
2791	MA_CJMall_KR
2318	MA_Cleartrip-Hotel
1647	MA_ClearTrip_UAE
2878	MA_CrazyMike_TW
1391	MA_Dafiti_AR_E
1378	MA_Dafiti_BR_E
1394	MA_Dafiti_CL_E
1393	MA_Dafiti_CO_E
1392	MA_Dafiti_MX_E
2089	MA_Damai_CN
1607	MA_DealsGuru_MY
1608	MA_DealsGuru_SG
2112	MA_eBay_IN
1648	MA_eDestinos_BR
2288	MA_Etihad
1551	MA_Expedia_IN
2482	MA_FabFurnish_IN
1337	MA_Flipkart_IN_E
2616	MA_Freecharge_IN
2099	MA_Gap_CN
1588	MA_GoAir_IN
1694	MA_Gomaji_TW
2441	MA_GSiSuper_KR
1990	MA_Handu_CN
1734	MA_Headlines_IN
1642	MA_Housing_IN
2378	MA_Hungama_IN
2054	MA_iHaveU_CN
1525	MA_Indigo_IN
2794	MA_IN_DC_Dec14
1471	MA_Jabong_IN
1485	MA_JD_CN
1550	MA_JetAirways_IN
1488	MA_Lazada_ID
1490	MA_Lazada_MY
1487	MA_Lazada_PH
1486	MA_Lazada_TH
1489	MA_Lazada_VN
2053	MA_Lefeng_CN
1476	MA_Linio_BR
1502	MA_Linio_CO
1477	MA_Linio_MX
1503	MA_Linio_PE
1504	MA_Linio_VE
2355	MA_Maibaobao_CN
2601	MA_MarkaVIP_Bahrain
2609	MA_MarkaVIP_Bahrain_Ar
2610	MA_MarkaVIP_Jordan_Ar
2602	MA_MarkaVIP_Jordan_En
2608	MA_MarkaVIP_KSA_Ar
2600	MA_MarkaVIP_KSA_En
2612	MA_MarkaVIP_Kuwait_Ar
2604	MA_MarkaVIP_Kuwait_En
2614	MA_MarkaVIP_Lebanon_Ar
2606	MA_MarkaVIP_Lebanon_En
2613	MA_MarkaVIP_Oman_Ar
2605	MA_MarkaVIP_Oman_En
2611	MA_MarkaVIP_Qatar_Ar
2603	MA_MarkaVIP_Qatar_En
2607	MA_MarkaVIP_UAE_Ar
2599	MA_MarkaVIP_UAE_En
2811	MA_Myntra_IN
1783	MA_Namshi_Bahrain_Ar
1784	MA_Namshi_Bahrain_En
1775	MA_Namshi_KSA_Ar
1776	MA_Namshi_KSA_En
1779	MA_Namshi_KW_Ar
1780	MA_Namshi_KW_En
1768	MA_Namshi_MEA
1785	MA_Namshi_Oman_Ar
1786	MA_Namshi_Oman_En
1781	MA_Namshi_Qatar_Ar
1782	MA_Namshi_Qatar_En
1777	MA_Namshi_UAE_Ar
1778	MA_Namshi_UAE_En
1470	MA_OLX_BR
2354	MA_PolicyBazaar_IN_Sept2014
1681	MA_PropTIger_IN
1615	MA_Qatar_MEA
1396	MA_Reebonz_ID_E
1397	MA_Reebonz_MY_E
1377	MA_Reebonz_SG_E
1395	MA_Reebonz_TH_E
1398	MA_Reebonz_TW_E
1656	MA_RentHomes_JP
2484	MA_Secoo_CN
2483	MA_SFBest_CN
1469	MA_Snapdeal_IN
1612	MA_Souq_EG
2297	MA_Souq_EG_Ar
1613	MA_Souq_KSA
2299	MA_Souq_KSA_Ar
1611	MA_Souq_KW
2298	MA_Souq_KW_Ar
1614	MA_Souq_UAE
2300	MA_Souq_UAE_Ar
2044	MA_SpringAirlines_CN
2357	MA_SteelAvengers_CN
2358	MA_SwordOfSoul_CN
1507	MA_Tradus_IN
1800	MA_TribuneMedia_US
1718	MA_U2opiamobile_IN
1534	MA_Viajanet_BR
2001	MA_Womai_CN
2489	MA_Yatra_Hotels_IN
1505	MA_Yatra_IN
2488	MA_Yatra_IntlFlights_IN
1493	MA_Yebhi_IN
1506	MA_Yepme_IN
1463	MA_Yintai_CN
2025	MA_Yododo_CN
1689	MA_YougouFashionMall_CN
1404	MA_Zalora_HK_E
1401	MA_Zalora_ID_E
1399	MA_Zalora_MY_E
1400	MA_Zalora_PH_E
1376	MA_Zalora_SG_E
1402	MA_Zalora_TH_E
1403	MA_Zalora_VN_E
286	Mbaobao
526	Mcafee_AU
561	Mcafee_CN
560	Mcafee_IN
563	Mcafee_KR
566	Mcafee_MY
565	Mcafee_NZ
567	Mcafee_PH
564	Mcafee_SG
1367	McAfee_SMB_AU
1368	McAfee_SMB_CN
1370	McAfee_SMB_HK
1373	McAfee_SMB_IN
1369	McAfee_SMB_KR
1480	McAfee_SMB_NZ
1371	McAfee_SMB_SG
1372	McAfee_SMB_TW
562	Mcafee_TW
1344	MEA_Aramex_Oct13
2868	MEA_BAMILO_JAN15
1723	MEA_Bayt_Egypt_EN_Feb2014
1856	MEA_Bayt_Saudi_AR_Feb2014
1722	MEA_Bayt_Saudi_EN_Feb2014
1855	MEA_Bayt_UAE_AR_Feb2014
1721	MEA_Bayt_UAE_EN_Feb2014
2406	MEA_Careers24_MW
2388	MEA_Careers24_Sep14
2324	MEA_CITIBANK_AUG14
2274	MEA_CITRUSSTV_AUG14
2316	MEA_CITRUSSTV_AUG14_Arabic_KSA
2315	MEA_CITRUSSTV_AUG14_Arabic_UAE
2317	MEA_CITRUSSTV_AUG14_KSA
2143	MEA_Citymax
1105	MEA_Cleartrip_Packages_UAE_Jul
2309	MEA_CRAZYDEALS_AUG14
2015	MEA_DAMAC_MAY14
2977	MEA_DEALDEY_FEB15
2710	MEA_ECART_NOV14
1593	MEA_Emirates_Jan2014
1098	MEA_Etihad_Arabic_July13
2772	MEA_ETIHAD_DEC14_MOBILE
2265	MEA_Extra_Aug14
2487	MEA_Extra_English_Oct14
1597	MEA_Flynas_Jan14
2725	MEA_foodonclick_Doha
1584	MEA_foodonclick_Jan14
2685	MEA_GAMELOFT_NOV14_MOBILE
1789	MEA_Gezico
1560	MEA_Gold_Jan2014
1286	MEA_Groupon_Oct13
1690	MEA_Hepsiburada_Feb2013
2961	MEA_HILTON_FEB15
2686	MEA_HILTON_NOV14
1346	MEA_hmall_Oct13
1464	MEA_Hyatt_Dec13
2014	MEA_HYATT_MAY14
2384	MEA_Juniva_Sep14
2365	MEA_JUNIVA_SEPT14
2957	MEA_Just_Rentals
1218	MEA_KlikSA_Sep2013
1554	MEA_Landmark_Jan14
1220	MEA_Markafoni_Sept13
1640	MEA_MarkaVIP_Bahrain_AR_Jan201
1639	MEA_MarkaVIP_Bahrain_EN_Jan201
1630	MEA_MarkaVIP_Jordan_AR_Jan2014
1629	MEA_MarkaVIP_Jordan_EN_Jan2014
1634	MEA_MarkaVIP_Kuwait_AR_Jan2014
1633	MEA_MarkaVIP_Kuwait_EN_Jan2014
1636	MEA_MarkaVIP_Lebanon_AR_Jan201
1635	MEA_MarkaVIP_Lebanon_EN_Jan201
1345	MEA_Markavip_Oct13
1638	MEA_MarkaVIP_Oman_AR_Jan2014
1637	MEA_MarkaVIP_Oman_EN_Jan2014
1632	MEA_MarkaVIP_Qatar_AR_Jan2014
1631	MEA_MarkaVIP_Qatar_EN_Jan2014
1628	MEA_MarkaVIP_Saudi_AR_Jan2014
1627	MEA_MarkaVIP_Saudi_EN_Jan2014
1626	MEA_MarkaVIP_UAE_AR_Jan2014
1790	MEA_Metrekare
1438	MEA_Modanisa_Nov2013
1297	MEA_Morhipo_Oct2013
1255	MEA_Mumzworld_Sep2013
1582	MEA_Musafir_Jan14
1100	MEA_M_Cleartrip_July13
1273	MEA_N11_Oct2013
1253	MEA_Namshi_Kuwait_Arabic_Sep20
1254	MEA_Namshi_Kuwait_English_Sep2
1675	MEA_Namshi_Saudi_AR_Return_Feb
1674	MEA_Namshi_Saudi_EN_Return_Feb
1673	MEA_Namshi_UAE_EN_Return_Feb20
2578	MEA_NAUKRIGULF_OCT14
2662	MEA_NISSAN_NOV14
2457	MEA_OneCard_Oct14
2579	MEA_OTEL_OCT14
2668	MEA_PAKWHEELS_NOV14
2219	MEA_Propertyfinder_Arabic
2122	MEA_Propertyfinder_Jun14
1097	MEA_Qatar_Arabic_July13
1142	MEA_Qatar_English_Aug13
1992	MEA_Rehlat_MAY14
1298	MEA_Sanalpazar_Oct2013
2366	MEA_SIMPLICITY_SEPT14
1510	MEA_Style36_Dec13
1976	MEA_Sukar_AE_AR
1975	MEA_Sukar_AE_EN
1978	MEA_Sukar_SA_AR
1977	MEA_Sukar_SA_EN
2335	MEA_TAKEALOT_AUG14
1424	MEA_Tejuri_Nov13
1219	MEA_Teknosa_Sep2013
1788	MEA_Travelstart_Egypt
1695	MEA_Travelstart_Feb2014
1787	MEA_Travelstart_south_africa
1719	MEA_Travelstart_Turkey_Feb2014
2777	MEA_Travelstart_UAE_Dec14
2667	MEA_TRAVELSTART_UAE_NOV14
2281	MEA_Triperna_Arabic
2282	MEA_Triperna_Arabic_AUG14
2341	MEA_Triperna_Arabic_Saudi_Sep
2144	MEA_Triperna_Jul14
2340	MEA_Triperna_Saudi_Sep14
1882	MEA_TurkishAirlines
1881	MEA_TurkishAirlines_Apr2014
2367	MEA_WAQTAK_SEPT14
1845	MEA_Yashry_Mar2014
2056	MEA_Zando_Jun14
2154	MEA_Zando_Olduser
361	MedPlusBeauty
1209	MENA_MarkAVIP_Sept2013
1116	MENA_Namshi_AdProspect_July13
1181	MENA_Souq_Adslgate_Aug13
1044	Menulog_AU
324	merlin-poland
325	merlin-poland-partner
2269	Metrodeal
287	Misshajp-japan
1439	Mizone-ID
166	MMT
168	MMT-Hotels
316	MMT_HolidayPackages
170	MMT_Holidays
169	MMT_Hotels
132	MMT_Rail
814	MMT_X2_Hotels
295	Mobacolle-japan
319	Mobly-brazil
638	MomandMe
278	Morele-Poland
233	Multiply
772	Multiply-ID
890	Multiply-PH
1508	MW_101_TW
2080	MW_1111_TW
2093	MW_111_CN
2069	MW_360kad_CN
1755	MW_45th_KR
2363	MW_5173_CN
1733	MW_99Acres_IN
1735	MW_Aboki_KR
1332	MW_Adairs_AU_E
2181	MW_Adidas-MY
2180	MW_Adidas-SG
1623	MW_Adidas_BR
1771	MW_Adidas_KR
1955	MW_Againby_KR
1538	MW_Agoda
2543	MW_AIA_Kr
2096	MW_AirArabia_UAE
2091	MW_Akmall_KR
1960	MW_ALJ_KSA_Ar
1986	MW_Amazon_IN
1425	MW_Americanas_BR_E
2479	MW_Auction_KR
2314	MW_BeeCrazy-HK
1552	MW_Berrybenka_ID
2521	MW_Bluestone_IN
2752	MW_Boomstyle_KR
2539	MW_BR_Beauty_Box
2762	MW_Br_Dafiti
2338	MW_Br_Shopping_UOL
1539	MW_BR_Viajanet_T
2102	MW_BR_Walmart_MX
1685	MW_Buy123_TW
1546	MW_Caco_TW
2296	MW_Canmart_KR
2109	MW_Cartrade_IN
1839	MW_Catworld_TW
1742	MW_Chicfox_KR
2683	MW_Chunhofood_KR
2507	MW_CJmall_KR
2107	MW_Cleartrip-Flights_IN
2105	MW_Cleartrip-Hotels_IN
2508	MW_Cleartrip-Hotels_IN_Mobile
1903	MW_Cleartrip_UAE
1744	MW_CocoBlack_KR
1943	MW_Commonfloor_IN
1749	MW_CookieHouse_KR
2263	MW_Coolhada_KR
1334	MW_Crackawines_AU_E
1426	MW_CtripE_CN_F
1407	MW_Ctrip_CN_F
2030	MW_D-answer_KR
2196	MW_Dafiti_AR
2197	MW_Dafiti_CL
2194	MW_Dafiti_CO
2195	MW_Dafiti_MX
1658	MW_DealsGuru_MY
1660	MW_DealsGuru_SG
2402	MW_Digue_Kr
2400	MW_Dintstyle_Kr
2397	MW_Dint_Kr
1901	MW_Directrooms
1661	MW_Domain_AU
1670	MW_ebay_IN
1587	MW_eDestionos_BR_T
2074	MW_EfShop_En_TW
2322	MW_Ensogo-PH
2320	MW_Ensogo-TH
1585	MW_eSkyBG_EU_T
1586	MW_eSkyRO_EU_T
1482	MW_eSky_EU_T
2007	MW_Etihad
2110	MW_EverMarker_CN
1340	MW_Fabfurnish_IN_E
2159	Mw_fabfurnish_NCA
1388	MW_Fastshop_BR_E
1687	MW_Fish123_TW
2045	MW_Fisso_TW
1688	MW_Food123_TW
1953	MW_foodonclick_MEA
2920	MW_Foodpanda_TW
1449	MW_Free_Choice_AU
1869	MW_Gap_CN
1583	MW_Garuda_ID
1966	MW_Gaudena_BR_MX
1667	MW_GoAir_IN
1542	MW_Gohappy_TW
1840	MW_Gotobuy_TW
1952	MW_Gracegift_TW
2339	MW_Gsshop_KR
1907	MW_HalfClub_KR
2266	MW_Hanssem_KR
1565	MW_Healthkart_IN
2498	MW_Himart_KR
2205	MW_Hmall_KR
2218	MW_Hnsmall_KR
1381	MW_HotelJP_JP_H
1665	MW_Hoteltravel
1965	MW_HotelUrbano_Packages_BR
2375	MW_Hungama_IN
2615	MW_Hyundai_Capital_KR
1428	MW_Ihaveu_CN_E
2650	MW_Indiaproperty_IN
1941	MW_Indiatimes_IN
1527	MW_Indigo_IN
2433	MW_Interpark_Book_KR
1971	MW_Jabong_AppDownload
2031	MW_Jiwonmall_KR
2412	MW_Jogunshop_KR
1664	MW_JP-Agoda
2046	MW_Koovs_IN
2101	MW_koovs_NCA
2028	MW_Koreapet_KR
1382	MW_Laso_JP_E
1743	MW_Lazada_ID
1516	MW_Lazada_MY
1518	MW_Lazada_PH
1745	MW_Lazada_TH
1746	MW_Lazada_VN
2278	MW_Lfmall_KR
2233	MW_Lightinthebox_Eng_CN
2235	MW_Lightinthebox_Es_CN
2234	MW_Lightinthebox_Fr_CN
2236	MW_Lightinthebox_Italy_CN
2061	MW_Limeroad_IN
1533	MW_Linio_CO
1532	MW_Linio_MX
1653	MW_Linio_PE_BR
1654	MW_Linio_VE_BR
2323	MW_LivingSocial-ID
2892	MW_Louis_Quatorze_KR
1342	MW_Magicbricks_IN_O
2548	MW_Makemytrip_Hotels
2676	MW_Makemytrip_IF_IN
1809	MW_Makemytrip_IN
1961	MW_MarkaVIP_UAE_EN
1519	MW_MAYUKI_CN
1520	MW_MAYUKI_TW
1954	MW_Mazia_KR
1437	MW_Mbaobao_CN_E
2117	MW_MEA_Landmark_June14
2008	MW_MEA_Qatar_Arabic_May14
2009	MW_MEA_Qatar_English_May14
2010	MW_MEA_TurkishAirlines
1333	MW_Mensshop_AU_E
2965	MW_Merongshop_KR
1803	MW_Metrekare_TR
1543	MW_Milanoo_CN
2239	MW_Miniinthebox_Dutch_CN
2237	MW_Miniinthebox_Eng_CN
2240	MW_Miniinthebox_Fr_CN
2238	MW_Miniinthebox_Italy_CN
1361	MW_Mobacolle_JP_E
1547	MW_Mobo_TW
1545	MW_Momo_TW
2279	MW_Myfone_TW
1752	MW_Naingirl_KR
1850	MW_Namshi_KSA_Ar_ret
1811	MW_Namshi_KSA_En
1854	MW_Namshi_KSA_En_ret
1596	MW_Namshi_KSA_MENA
1590	MW_Namshi_Kuwait_MENA
2828	MW_Namshi_KW_Ar_New
2829	MW_Namshi_KW_Ar_Ret
2826	MW_Namshi_KW_En_New
2827	MW_Namshi_KW_En_Ret
1595	MW_Namshi_UAE_MENA
1849	MW_Namshi_UAE_ret
1947	MW_Nanajean_KR
1747	MW_Naning9_KR
1544	MW_Naruko_CN
2533	MW_Netfarma_BR
1651	MW_Netshoes_argentina
1389	MW_Netshoes_BR_E
1650	MW_Netshoes_mexico
1740	MW_Nibbuns_KR
2471	MW_Nike_KR
1655	MW_OBDesign_TW
1751	MW_Okkane_KR
1501	MW_OLX_BR_E
1479	MW_OLX_IN
1354	MW_OO_AU_E
2661	MW_Pancoat_KR
2037	MW_PaquetaCalcados_BR
2036	MW_Paquetaesportes_BR
2349	MW_Peper_KR
1750	MW_PinkElephant_KR
2350	MW_Pippin_KR
1468	MW_Play_EU_E
2353	MW_PolicyBazaar_IN_Sept2014
1621	MW_Qatar_MEA
2959	MW_Rakuten_Card_TW
1384	MW_RedBus_IN_F
1843	MW_Rediff_IN
1756	MW_Redopin_KR
2016	MW_Reebok_KR
1862	MW_RicardoEletro_Br
2321	MW_Rong360_CN
1741	MW_RoomPacker_KR
1427	MW_Secoo_CN_E
1548	MW_Shaadi_IN
1959	MW_Shiksha_IN
2190	MW_Sinyi_TW
2731	MW_SKT_KR
2058	MW_Snapdeal_IN
2111	MW_Sony_AU
2573	MW_soo-soo_KR
1575	MW_Souq_EG
1576	MW_Souq_EG_En
1414	MW_Souq_KSA_Ar
1415	MW_Souq_KSA_En
1577	MW_Souq_KW
1578	MW_Souq_KW_En
1387	MW_Souq_UAE_E
2127	MW_Spree_SA
2481	MW_Stimage_DSP
1362	MW_Stimage_JP_E
1753	MW_StyleBerry_KR
2750	MW_Stylenanda_KR
2351	MW_Styletiba_KR
2158	MW_Sultang_KR
2029	MW_Superfeaturing_KR
2348	MW_Superstari_KR
1492	MW_Surfstitch_AU
2003	MW_Taillist_KR
2368	MW_Takealot_MENA
1748	MW_TheAction_KR
1828	MW_TheGoodGuys_AU
1649	MW_theiconic_AU
2291	MW_TNG_JP
2598	MW_Tolexo_IN
1341	MW_Tradus_IN_E
1624	MW_Tricae_BR
2241	MW_Triperna_MEA
2267	MW_TutorABC_TW
1810	MW_UDNShopping_TW
2148	MW_Vanilla_KSA
1335	MW_VirginAU_AU_F
2104	MW_Vitoriaholic_KR
2142	MW_Wconcept_KR
1868	MW_Wine9_CN
2401	MW_Wizwid_Kr
2960	MW_Womai_CN
2403	MW_Yashry_MEA
2477	MW_Yatra_Dom_Flights
2480	MW_Yatra_Hotels
1347	MW_Yatra_IN_F
1339	MW_Yebhi_IN_E
1338	MW_Yepme_IN_E
2118	MW_Yepme_NCA
1804	MW_Yummy77_CN
2176	MW_Zalora_HK
2172	MW_Zalora_ID
2170	MW_Zalora_MY
2174	MW_Zalora_PH
2175	MW_Zalora_SG
2171	MW_Zalora_TH
2173	MW_Zalora_VN
2151	MW_Zando_ZA
2491	MW_Zando_ZA_New_User
1729	MW_Zoom_BR
1769	MW_Zovi_IN
2660	MW_Ztreet_KR
425	MX_hoteles
1602	MX_Petsy
464	MX_Viajanet
252	MY-Wego
467	myadventurestore_AU
52	mydala
451	myholidaycentre_AU
309	Myntra
1528	Myntra_OldUser
261	Mysmartprice
345	Naaptol
523	Namshi
525	Namshi_Arabic
1996	Namshi_Arabic_Kuwait_New
2138	Namshi_Arabic_Kuwait_Returning
1995	Namshi_English_Kuwait_New
2140	Namshi_English_Kuwait_Returnin
775	Namshi_Saudi_Arabic
84	Naruko_
781	naukri
17	Naukri_
371	Nazwa-poland
897	Needitnow_AU
1211	Nefsak_Arabic
1212	Nefsak_English
299	Netshoes-brazil
588	NetshoesWL_Coritibastore
586	NetshoesWL_Gigantedacolina
590	NetshoesWL_Mizuno
585	NetshoesWL_MundoPalmeiras
592	NetshoesWL_NBA
593	NetshoesWL_Puma
583	NetshoesWL_SaoPauloMania
587	NetshoesWL_ShopCruzeiro
582	NetshoesWL_ShopTimao
589	NetshoesWL_Timberland
591	NetshoesWL_Topper
584	NetshoesWL_Viladosantos
326	Netshoes_argentina
327	Netshoes_mexico
774	Nmashi_Saudi_English
161	Nop
894	NZ-Vistaprint
1166	NZ_Webjet_DomFlights_New
1164	NZ_Webjet_IntlFlights_New
1165	NZ_Webjet_TTFlights_New
484	officeyes
416	olacabs
568	Olacabs_Citytaxi
575	Olacabs_Localrentals
6	oldysb
4	olx_
1816	Omigo-SG
312	oo_au
2582	OTEL_MEA_Oct14
636	Ozlotteries_New
358	Ozsale_AU
1730	Palmerbet_AU
1447	Palm_Fortune_AU
262	Pat_MustseeIndia
797	pat_pat
793	paytm
2975	PayU_Feb2015
785	Pegipegi-ID
1287	Pegipegi-ID_Mob
341	Peixeurbano-Brazil
340	Peixeurbano-Japan
344	pepperfry
517	Peppers_AU
1203	PeregrineReserve_AU
1202	Peregrine_AU
1815	Perisher_AU
251	PH-Wego
1263	PharmacyOnline_AU
121	Philippines-Expedia
1821	Photobook-AU
1822	Photobook-Canada
1823	Photobook-HK
1824	Photobook-MY
1825	Photobook-PH
1826	Photobook-SG
1827	Photobook-US
263	Play-Poland-Partner
623	pl_answear
1251	pl_butyk
922	pl_cellbes
605	pl_ceneo
401	PL_Doz
860	pl_efly
1079	pl_electro
646	pl_esky
648	pl_esky_bg
707	pl_esky_hotel
647	pl_esky_ro
606	pl_eurolot
861	pl_hotele
645	pl_lazienkaplus
1081	pl_mediaexpert
1874	pl_neo24_pl
1173	pl_perhapsme
761	pl_Tmobile
923	pl_travelplanet
612	pl_tui
613	pl_tui_hotels
604	pl_zlote-mysli
111	Policy_Bazaar
486	prettysecrets
247	Priceking
266	Priceking_PAT
487	Princesspolly_AU
856	Printvenue
2918	Printvenue_Mobile
949	Proptiger
637	PureHomeDecor
843	Purplle
86	QMango
175	Qunar_Flights
179	Qunar_Groupbuy
176	Qunar_Hotel
177	Qunar_Packages
363	Rakuten-brazil
1230	RateCity_AU
343	RebelSport_AU
123	Redbus
23	Redbus_
1591	Reebonz-HK
1119	Reebonz-ID
1120	Reebonz-MY
889	Reebonz-SG
1121	Reebonz-TH
1122	Reebonz-UAE
1118	Reebonz_ID
1051	RegionUp
70	Remit2india
408	Rent-Homes
349	rockin
997	Roseonly_AU
1063	Rosesonly_AU
708	ro_esky_hotel
336	r_agent-japan
188	Sanook
407	Savaari
1295	SA_Spree_11Oct13
34	SBICard_
1268	SDS_AU
2286	SEA_cosme-de
2773	SEA_Kapanlagi
303	Selecture-Japan
2861	selfserve-dev
2862	Self_Serve_2
2863	Self_Serve_3
2869	Self_Serve_5
2870	Self_Serve_Demo
2850	Self_Serve_QA
938	Senheng-MY
11	Seventymm_
272	Seventymm_Ecomm
271	Seventymm_Low
109	SG-Expedia
184	SG-Hotelscombined
248	SG-Wego
12	Sharekhan_
165	Shersingh
275	Shine
16	shine_
60	Shishangqiyi
368	Shopnineteen
1443	Shopping_Voucher_AU
1064	Signet_AU
255	Simplilearn_India
539	Sklep_Poland
298	Skygate-japan
985	sl_pelikan
355	Snapbid
97	Snapdeal-GroupBuying-New
98	Snapdeal-Products-New
30	Snapdeal_
1455	Snapdeal_Nov13
452	Sony_AU
934	Sony_NZ
219	Souq
535	Souq_Egypt
570	Souq_Egypt_English
789	Souq_Kuwait
790	Souq_Kuwait_English
536	Souq_Saudi
571	Souq_Saudi_English
322	Spreadshirt-DQA
216	Spreets-AU
300	St-image-Japan
180	Stayzilla
1431	StreetDeal-ID
1430	StreetDeal-MY
1433	StreetDeal-Sg
1432	StreetDeal-TH
621	Styletag
215	Styletread-AU
597	Sukar
609	Sukar_Arabic
181	Sulekha_Properties
1049	Sunlover_AU
1442	Supermarket_Voucher_AU
748	SurfStitch_AU
864	Svaiza
230	Swiss-Belhotel
1702	Tags-Integration-Test
1772	TAI_ChinaAirlines-Gmn
231	Tarad
684	Tarad-TH
146	Tata-Aig
899	TataSafaari
14	Tatasky_
747	TerryWhiteChemists_AU
2437	Test-IGNORE
1035	Test_AU
2439	Test_IGNORE
851	TH-Wego
120	Thailand-Expedia
1497	TheGoodGuys_AU
2041	TheGoodGuys_NZ
430	theiconic_AU
1324	theiconic_AU_OldUser
1652	theiconic_NZ
108	Timesdeal
440	Timesjob
73	timtara
347	Tix-netherland
807	TManzaBranding
873	TManzaBuyback
809	TManzaLead
738	TMBranding
872	TMGolden
739	TMLeadGeneration
103	Tradus
13	TravelGuru_
57	travelguru_hotel
795	travelguru_new
85	Travelocity_Flights
1441	Travel_Voucher_AU
220	Trdsecom
292	Tripadvisior-Japan
18	Tutorvista_
580	TW-Herbuy
715	TW-Liontravel
920	TW_101
1158	TW_1111_Aug13
1082	tw_113
1077	tw_123
1183	TW_123ecom
1598	TW_17life
1062	TW_518
1133	TW_7net_Aug13
1581	TW_86shop
1904	TW_AIAdirect
1931	TW_Allianz
837	TW_AndenHud
1283	TW_AndenHud_M_Oct13
2651	TW_Andenhud_New
1071	tw_autobuy
1720	TW_BBQueen
964	TW_beauty88
2939	TW_Besttour
929	TW_bodyshop
1074	tw_books
2748	TW_Books_MW
1884	TW_Boy2
1682	TW_Buy123
712	TW_buy365
822	TW_buyy365
862	TW_caco
867	TW_caribi
869	TW_catworld
1179	TW_ChinaAirlines
1754	TW_ChinaAirlines-China
1738	TW_ChinaAirlines-Eng
1739	TW_ChinaAirlines-Jap
1770	TW_ChinaAirlines-TW
2534	TW_Cigna
2536	TW_Cigna_Oct14
2472	TW_Comode
1494	TW_Cozie
1001	TW_crazymike
1178	TW_crazymike_ecom
1325	TW_crazymike_M_Oct13
2183	TW_cyclingexpress
2466	TW_cyclingexpress_AU
2464	TW_cyclingexpress_CN
2252	TW_cyclingexpress_HK
2344	TW_cyclingexpress_JP
2465	TW_cyclingexpress_KR
2251	TW_cyclingexpress_MY
1451	TW_Eastbnb
866	TW_efshop
1281	TW_Efshop_M_Oct13
2150	TW_ETMALL_Jul14
880	TW_eyescream
668	TW_EZtravel
2833	TW_FDP
1683	TW_Fish123
928	TW_fisso
1867	TW_FMShoes
1684	TW_Food123
2919	TW_Foodpanda
1410	TW_Formall
924	TW_forstyle
1541	TW_GoHappy
1134	TW_gotobuy_Aug13
939	TW_gracegift
1177	TW_Groupon
1411	TW_Hitobp
827	TW_Iccnet
2675	TW_KODZ
1557	TW_Lativ
825	TW_life8
1610	TW_LionTravels-Packages
2522	TW_Lohongka
914	TW_mayuki
802	TW_Mesge
982	TW_mobo
1529	TW_Momo
1067	tw_mydress
2272	TW_Myfone
2273	TW_Myvedio
735	TW_OBDesign
2917	TW_OLX_PH
882	TW_orenda
881	TW_pgmall
2005	TW_Puzzle_May14
1198	TW_Rakuten
2958	TW_Rakuten_Card
2864	TW_Rakuya
1115	tw_reebonz_Jul13
1374	TW_Rubys
1871	TW_S3
2100	TW_sasa
1895	TW_Savesafe
1496	TW_Shopping99
2461	TW_ShoppingFriday
1068	tw_shopunt
1355	TW_Shopunt_English
1356	TW_Shopunt_French
1644	TW_Sinyi
2302	TW_Sum_Formall
2090	TW_Sum_Jul14
887	TW_taaze
1715	TW_TCBLife
2872	TW_TigerAir
2799	TW_TKEC
2257	TW_tokichoimob
1416	TW_Trendblog
2809	TW_TT-Play
1556	TW_TutorABC
1844	TW_TutorABCJunior
1323	TW_UDNShopping
2177	TW_UMall
2337	TW_UNIQLO
849	TW_unistyle
1066	tw_unt
2178	TW_uv100
293	UCAN-japan
254	US-Wego
357	Vakantieveilingen-Netherland
435	VE_hoteles
323	Viajanet-brazil-dqna
767	viajanet_crosssell
783	viajanet_ofertas_cross
105	Via_Deals
102	Via_Flights
104	Via_Hotel
106	Via_Retail
78	vikram-dummy-remove
131	Vipstore
182	Virgin-Australia
892	Vistaprint
1618	Vizury_FBX_Newsfeed
152	VN-Agoda
763	VN-Expedia
503	Vodafone_AU
20	VRMGeneric
125	Watchkart
318	Webjet-Cross-Sell
93	Webjet-Flights
107	Webjet-Hotels
2805	Webjet-Hotels_AU_Mobile
556	webjet-sponsored
389	webjetNZ-dom-flights
392	webjetNZ-hotels
391	webjetNZ-INTflights
390	webjetNZ-TTflights
840	Wego-Com-Book
841	Wego-Com-Self
1004	Wego-ID-Self
1005	Wego-IN-Self
1006	Wego-MY-Self
850	Wego-PH-Self
855	Wego-SG-Self
114	Wego_fl_dropoff
55	wego_hotel
279	Weltbild-Poland
90	Wotif-Hotels
71	Xiu
1	yahoo_
9	yatra_
489	Yatra_Holidays_ecomm
385	Yatra_International_Flights
135	Yatra_Main_Flights
137	Yatra_Main_Holidays
136	Yatra_Main_Hotels
2866	Yatra_Main_Hotels_Jan2015
139	Yatra_UKInbound_Flights
138	Yatra_USInbound_Flights
3	ybb_
42	yebhi_
214	Yebhi_new
689	Yepme
1445	Your_Test_AU
546	Zalora-HK
888	Zalora-HK-new
550	Zalora-ID
900	Zalora-ID-New
236	Zalora-MY
901	Zalora-MY-New
549	Zalora-PH
902	Zalora-PH-New
259	Zalora-SG
903	Zalora-SG-New
548	Zalora-TH
904	Zalora-TH-New
545	Zalora-TW
547	Zalora-VN
905	Zalora-VN-New
651	Zansaar
204	Zivame
2742	Zivame_Mobile
61	zomato
101	Zovi
285	Zozo-Japan
602	Zuji-AU
792	Zuji-HK-Flights
791	Zuji-SG-Flights
553	ZujiHK-Hotels
524	ZujiSG-Hotels
65	Zuji_HK_Flights
64	Zuji_SG_Flights
